time,capacity,hasil
0,15.433315415397475,sepi
1,8.493848175356867,sepi
2,13.090545302514489,sepi
3,21.587379800513652,sepi
4,13.127874335543211,sepi
5,15.842441617392344,sepi
